<?xml version="1.0" encoding="UTF-8"?>
<project-private xmlns="http://www.netbeans.org/ns/project-private/1">
    <editor-bookmarks xmlns="http://www.netbeans.org/ns/editor-bookmarks/2" lastBookmarkId="0"/>
    <open-files xmlns="http://www.netbeans.org/ns/projectui-open-files/2">
        <group>
            <file>file:/C:/wamp/www/facebook/views/home.php</file>
            <file>file:/C:/wamp/www/facebook/models/relacionamentos.php</file>
            <file>file:/C:/wamp/www/facebook/config.php</file>
            <file>file:/C:/wamp/www/facebook/controllers/ajaxController.php</file>
            <file>file:/C:/wamp/www/facebook/controllers/loginController.php</file>
            <file>file:/C:/wamp/www/facebook/views/login_entrar.php</file>
            <file>file:/C:/wamp/www/facebook/index.php</file>
            <file>file:/C:/wamp/www/facebook/models/usuarios.php</file>
        </group>
    </open-files>
</project-private>
